{"cameraMode":{"drawMode":0,"name":"Shaded","section":"Shading Mode"},"sceneLighting":false,"audioPlay":false,"sceneViewState":{"showFog":true,"showMaterialUpdate":true,"showSkybox":true,"showFlares":true,"showImageEffects":true,"showParticleSystems":true},"in2DMode":false,"pivot":{"x":-0.9701728820800781,"y":-7.576176643371582,"z":-0.00000476837158203125},"rotation":{"x":0.10986179858446121,"y":-0.6985201835632324,"z":0.10986180603504181,"w":0.6985201835632324},"size":64.0386734008789,"orthographic":true}